Contact.Name,Contact.Email,Name
高谷 雅,masashi_takaya@example.net,有限会社美和
横山 雅彦,masahikoyokoyama@example.com,株式会社コウエイ
松田 誠,makoto_matsuda@example.com,株式会社京和
三好 智彦,miyoshi_tomohiko@example.net,いさお企画合同会社
柴田 真澄,shibata_922@example.jp,有限会社マエダ
井上 里美,satomi_inoue@example.co.jp,合同会社ブルーフェアリー
松本 剛士,matsumototsuyoshi@example.ne.jp,有限会社タイム
野本 雄作,yuusaku_nomoto@example.org,有限会社井上商事
青木 淳一,aoki_junichi@example.com,合資会社丸合製茶工場
中井 厚子,nakai_atsuko@example.org,株式会社中川
関根 晃司,sekine527@example.org,株式会社KRS
山口 昭,akirayamaguchi@example.org,株式会社ファインテック
福岡 祥吾,shougofukuoka@example.com,株式会社サクセス
久保田 郷史,kubotasatoshi@example.net,有限会社池田工業
中村 久子,nakamura_hisako@example.ne.jp,株式会社オーキッド
中村 篤,nakamuraatsushi@example.co.jp,株式会社信栄
杉本 喜弘,yoshihiro_sugimoto@example.ne.jp,有限会社ユウキ
立花 義雄,tachibanayoshio@example.com,株式会社コネクト
栗原 輝,kurihara_akira@example.com,株式会社フォルム
遠藤 祥子,endou98@example.ne.jp,株式会社三恵
森 かおり,mori_1026@example.ne.jp,有限会社やまと
北尾 正和,masakazukitao@example.ne.jp,株式会社エコテック
笹井 和宏,sasai_kazuhiro@example.com,合同会社ＡＰＳ
及川 健史,oikawa524@example.com,株式会社OWL
阿部 正顕,abemasaaki@example.co.jp,有限会社アスカ
山城 和美,yamashirokazumi@example.com,株式会社日新
塩見 直弘,shiomi331@example.co.jp,有限会社ジュン
西田 佑樹,nishidayuuki@example.org,株式会社プロテック
古田 泰子,furuta825@example.net,株式会社エヌテック
吉田 明弘,yoshida51@example.ne.jp,合名会社まんごくや呉服店
杉本 浩平,sugimoto48@example.com,合名会社木澤建設
川勝 幸宏,kawakatsu_731@example.jp,有限会社石川商店
櫻井 知久,tomohisasakurai@example.org,桑名食品合資会社
坂下 宏昭,hiroakisakashita@example.net,株式会社翔
奥田 里実,okuda_61@example.com,ｉＴｅｒｍｉｎａｌ合同会社
柳澤 健,yanagisawa_1219@example.jp,合同会社ＹＭプランニング
杉本 里沙,sugimoto127@example.ne.jp,リメイク合同会社
奈良 輝雄,teruo_nara@example.ne.jp,株式会社イシカワ
藤本 和江,fujimotokazue@example.com,株式会社プライム
渡部 正俊,watanabemasatoshi@example.org,株式会社Kコーポレーション
小山 雅也,koyamamasaya@example.jp,有限会社アクアテック
中口 真二,nakaguchi_shinji@example.co.jp,有限会社ヤマキ
島田 美紀,miki_shimada@example.ne.jp,笠間運送合名会社
仲谷 英一,eiichinakatani@example.net,ワイズ株式会社
江澤 雅之,masayukiezawa@example.org,株式会社F
市原 裕子,ichihara_yuuko@example.jp,株式会社K＆K
小笠原 辰也,tatsuya_ogasawara@example.net,有限会社伊藤組
川瀬 淳子,kawasejunko@example.com,有限会社サンクリエイト
赤木 功,isaoakagi@example.ne.jp,株式会社ファインテック
長谷田 淳,junhaseda@example.net,有限会社アクアテック
坂井 由佳,sakai_220@example.net,有限会社協栄
岡田 菜摘,okada_1031@example.jp,有限会社タック
花輪 大祐,daisuke_hanawa@example.org,株式会社TKC
下瀬 崇,shimose_112@example.ne.jp,株式会社エル
小寺 暁子,kodera_48@example.net,株式会社ハーツ
酒井 直人,sakai_72@example.net,株式会社東邦
笠原 順子,junko_kasahara@example.net,合同会社港町ケアプランセンター
秋山 遼平,ryouheiakiyama@example.ne.jp,株式会社ADVANCE
鳥山 享,toriyamatooru@example.ne.jp,合同会社Ｔ．Ｍ建設
濱田 いづみ,hamada1015@example.net,株式会社アシスト
平塚 晋太郎,shintarou_hiratsuka@example.jp,合名会社藤室商店
平井 博,hiroshi_hirai@example.net,株式会社一歩
中山 カナ,nakayama810@example.com,有限会社グローブ
佐藤 哲也,tetsuyasato@example.net,ＳＤＫ
齋藤 大輔,saito23@example.co.jp,合資会社日新映画劇場
井上 英樹,hideki_inoue@example.ne.jp,株式会社アスカ
平川 紀子,hirakawa1119@example.com,有限会社渡辺商事
森島 友宏,morishima_1214@example.com,合資会社橘屋
中根 由喜,nakaneyuki@example.org,合資会社大久保義隆商店
大嶋 靖浩,oshima29@example.ne.jp,合資会社戸塚建設
冨高 彰夫,akiotomitaka@example.jp,合同会社スワンホーム
徳竹 耕作,tokutakekosaku@example.org,合同会社ケイアンドジー企画
山崎 悠希,yamazakiyuuki@example.com,有限会社越後屋
森末 ようこ,morisue_310@example.net,佐藤商事株式会社
山本 幸絵,yamamoto107@example.co.jp,株式会社ショウエイ
小笠原 健二,kenjiogasawara@example.jp,有限会社鈴木工務店
岩越 曜子,youko_iwakoshi@example.ne.jp,有限会社田中工業
柴山 弘行,hiroyuki_shibayama@example.org,合名会社高橋工材
土屋 正仁,masahito_tsuchiya@example.jp,株式会社グリーン
西田 萌,moenishida@example.jp,有限会社エール
倉本 洋光,kuramotohiroaki@example.org,株式会社トラストワン
飯塚 英樹,hideki_iizuka@example.com,有限会社渡辺商事
榎 康典,enokiyasunori@example.jp,有限会社近江屋
鴛海 ひろみ,oshiumi_1117@example.com,株式会社COLORS
木岡 勝代,katsuhirokioka@example.co.jp,株式会社明和
大隅 圭一郎,osumi515@example.com,有限会社マツヤ
今井 建太,imaikenta@example.com,叶多寿合同会社
山本 ちひろ,chihiroyamamoto@example.org,株式会社トリニティ
瓜生 康之,uryuu_yasuyuki@example.net,青柳商事合資会社
有山 雅子,ariyamamasako@example.com,合資会社古田土商店
今田 和明,imadakazuaki@example.co.jp,有限会社大成商事
内田 敏明,uchida103@example.jp,株式会社京和
川上 陽介,kawakami_yousuke@example.ne.jp,株式会社山崎
三宅 淳,jun_miyake@example.co.jp,ダイコウテック合同会社
加藤 誠,kato921@example.jp,株式会社高橋建設
原 祥平,harashouhei@example.co.jp,株式会社タクト
中澤 拓未,nakazawa_224@example.ne.jp,株式会社タカミ
佐野 弘,sanohiroshi@example.ne.jp,株式会社三晃
広山 隆,hiroyama_122@example.net,合名会社江口又新堂
田中 琢磨,takuma_tanaka@example.jp,山中保全合名会社
高市 ひとみ,takaichihitomi@example.org,株式会社和幸
福田 範之,fukuda_noriyuki@example.org,株式会社加藤工務店
岡崎 達彦,tatsuhikookazaki@example.jp,有限会社アップル
須田 千絵,suda_chie@example.jp,合同会社Ｔｏｍ
安楽 正文,masafumianraku@example.jp,株式会社三愛
遠藤 正,endou_tadashi@example.co.jp,合名会社米藤金物店
小杉 亮太,kosugiryouta@example.com,株式会社グローイング
末永 里絵,suenaga_rie@example.net,合名会社安藤肉店
福永 翠,fukunaga_midori@example.net,有限会社マルコ
小寺 智隆,kodera_tomotaka@example.jp,有限会社山本産業
奥平 麻子,okudairaasako@example.org,有限会社フィット
関口 知美,sekiguchi1014@example.ne.jp,株式会社愛和
辻中 康太,tsujinakakota@example.jp,株式会社エコシステム
多々良 朋樹,tatara_tomoki@example.ne.jp,大和工業株式会社
田尻 久美子,tajiri1014@example.com,株式会社大河
西谷 敏行,toshiyuki_nishitani@example.ne.jp,大和株式会社
五十嵐 子,igarashi_916@example.com,合同会社Ｈａｌ
大嶋 泉,oshima_314@example.ne.jp,株式会社そら
加藤 洋介,kato1115@example.com,株式会社T＆M
川口 雅,kawaguchi112@example.org,株式会社サンヨー
寺田 愛,terada_124@example.com,株式会社メビウス
大室 雄大,omuro_56@example.net,合同会社やってみよう
八幡 将大,yahatamasahiro@example.org,株式会社OZ
伊藤 こず恵,ito_kozue@example.jp,合資会社美盛理容院
西谷 裕美,nishitani726@example.jp,株式会社フレア
吉田 弘之,yoshida_723@example.net,株式会社エスプランニング
渡邉 麻衣子,watanabe_maiko@example.org,株式会社日商
駿河 博之,hiroyukisuruga@example.org,マルシオ有限会社
岸本 香,kishimoto_kaori@example.ne.jp,合資会社古谷野オフィス
関口 未生,miwosekiguchi@example.com,有限会社マルフジ
花谷 京平,hanatani_17@example.ne.jp,合同会社美髪庵
桑原 いずみ,kuwabara416@example.net,株式会社東洋
山名 利明,toshiaki_yamana@example.co.jp,ＵＳＤ商事合同会社
桑原 俊介,shunsukekuwabara@example.org,倉口電工有限会社
山口 希,nozomiyamaguchi@example.co.jp,株式会社TSC
塚田 啓,kei_tsukada@example.ne.jp,有限会社エムツー
中谷 忠,tadashinakatani@example.co.jp,株式会社オアシス
岡村 匡,tadashiokamura@example.ne.jp,合同会社海の贈り物
原口 香織,haraguchi_kaori@example.com,有限会社エターナル
山家 勉,tsutomu_yamaga@example.org,株式会社平成
中島 俊,nakajimashun@example.com,合名会社南陽自動車
松井 良和,matsui_yoshikazu@example.jp,合資会社東海清掃
上條 敬幸,kamijou_618@example.jp,有限会社ツカサ
水戸 孝夫,takaomito@example.co.jp,株式会社リック
上田 恵津子,etsukoueda@example.net,有限会社スクエア
高橋 和樹,kazuki_takahashi@example.com,合資会社バンコー
今村 徹太郎,imamuratetsutarou@example.org,株式会社エクセレント
西村 純一,nishimura_junichi@example.co.jp,株式会社ダックス
船木 由美,funakiyumi@example.co.jp,釡森合名会社
渡辺 健一,watanabe_414@example.com,株式会社ウイン
三上 範明,noriakimikami@example.jp,株式会社STS
浜松 裕大,hamamatsu_1130@example.co.jp,合資会社古谷野オフィス
大石 美香,oishi_mika@example.co.jp,株式会社テック